model,arch,params,n_kv_head,kv_bytes_per_token,device,dtype,kv_cache,kv_quant,repeat,prefill_tokens,decode_steps,seq_start,seq_end,load_s,prefill_ms,prefill_tok_s,decode_tok_s,decode_s
benchmarks/gpt2,gpt2,124439808,12,73728,Cpu,f32,off,none,1,16,16,16,32,0.382,54.1,295.88,15.833,1.011
benchmarks/gpt2,gpt2,124439808,12,73728,Cpu,f32,on,none,1,16,16,16,32,0.382,54.1,295.88,52.455,0.305
benchmarks/gpt2,gpt2,124439808,12,73728,Cpu,f32,off,none,2,16,16,16,32,0.382,41.8,382.62,18.358,0.872
benchmarks/gpt2,gpt2,124439808,12,73728,Cpu,f32,on,none,2,16,16,16,32,0.382,41.8,382.62,53.028,0.302
benchmarks/gpt2,gpt2,124439808,12,73728,Cpu,f32,off,none,3,16,16,16,32,0.382,42.5,376.34,18.793,0.851
benchmarks/gpt2,gpt2,124439808,12,73728,Cpu,f32,on,none,3,16,16,16,32,0.382,42.5,376.34,53.779,0.298
benchmarks/gpt2,gpt2,124439808,12,73728,Cpu,f32,off,none,1,64,16,64,80,0.382,120.4,531.42,7.335,2.181
benchmarks/gpt2,gpt2,124439808,12,73728,Cpu,f32,on,none,1,64,16,64,80,0.382,120.4,531.42,50.229,0.319
benchmarks/gpt2,gpt2,124439808,12,73728,Cpu,f32,off,none,2,64,16,64,80,0.382,119.0,537.72,7.188,2.226
benchmarks/gpt2,gpt2,124439808,12,73728,Cpu,f32,on,none,2,64,16,64,80,0.382,119.0,537.72,42.728,0.374
benchmarks/gpt2,gpt2,124439808,12,73728,Cpu,f32,off,none,3,64,16,64,80,0.382,125.0,511.85,7.037,2.274
benchmarks/gpt2,gpt2,124439808,12,73728,Cpu,f32,on,none,3,64,16,64,80,0.382,125.0,511.85,33.745,0.474
benchmarks/gpt2,gpt2,124439808,12,73728,Cpu,f32,off,none,1,128,16,128,144,0.382,244.8,522.94,3.676,4.353
benchmarks/gpt2,gpt2,124439808,12,73728,Cpu,f32,on,none,1,128,16,128,144,0.382,244.8,522.94,45.613,0.351
benchmarks/gpt2,gpt2,124439808,12,73728,Cpu,f32,off,none,2,128,16,128,144,0.382,232.3,551.02,4.031,3.969
benchmarks/gpt2,gpt2,124439808,12,73728,Cpu,f32,on,none,2,128,16,128,144,0.382,232.3,551.02,36.931,0.433
benchmarks/gpt2,gpt2,124439808,12,73728,Cpu,f32,off,none,3,128,16,128,144,0.382,238.1,537.55,3.880,4.124
benchmarks/gpt2,gpt2,124439808,12,73728,Cpu,f32,on,none,3,128,16,128,144,0.382,238.1,537.55,43.907,0.364
benchmarks/qwen3-0.6b,qwen3,596049920,8,229376,Cpu,f32,off,none,1,16,16,16,32,1.862,345.7,46.29,2.504,6.389
benchmarks/qwen3-0.6b,qwen3,596049920,8,229376,Cpu,f32,on,none,1,16,16,16,32,1.862,345.7,46.29,10.979,1.457
benchmarks/qwen3-0.6b,qwen3,596049920,8,229376,Cpu,f32,off,none,2,16,16,16,32,1.862,349.8,45.74,2.514,6.365
benchmarks/qwen3-0.6b,qwen3,596049920,8,229376,Cpu,f32,on,none,2,16,16,16,32,1.862,349.8,45.74,11.614,1.378
benchmarks/qwen3-0.6b,qwen3,596049920,8,229376,Cpu,f32,off,none,3,16,16,16,32,1.862,338.7,47.24,2.525,6.337
benchmarks/qwen3-0.6b,qwen3,596049920,8,229376,Cpu,f32,on,none,3,16,16,16,32,1.862,338.7,47.24,11.414,1.402
benchmarks/qwen3-0.6b,qwen3,596049920,8,229376,Cpu,f32,off,none,1,64,16,64,80,1.862,692.5,92.42,1.309,12.224
benchmarks/qwen3-0.6b,qwen3,596049920,8,229376,Cpu,f32,on,none,1,64,16,64,80,1.862,692.5,92.42,10.898,1.468
benchmarks/qwen3-0.6b,qwen3,596049920,8,229376,Cpu,f32,off,none,2,64,16,64,80,1.862,666.7,95.99,1.303,12.277
benchmarks/qwen3-0.6b,qwen3,596049920,8,229376,Cpu,f32,on,none,2,64,16,64,80,1.862,666.7,95.99,10.848,1.475
benchmarks/qwen3-0.6b,qwen3,596049920,8,229376,Cpu,f32,off,none,3,64,16,64,80,1.862,667.6,95.87,1.289,12.414
benchmarks/qwen3-0.6b,qwen3,596049920,8,229376,Cpu,f32,on,none,3,64,16,64,80,1.862,667.6,95.87,9.965,1.606
benchmarks/qwen3-0.6b,qwen3,596049920,8,229376,Cpu,f32,off,none,1,128,16,128,144,1.862,1264.0,101.27,0.775,20.638
benchmarks/qwen3-0.6b,qwen3,596049920,8,229376,Cpu,f32,on,none,1,128,16,128,144,1.862,1264.0,101.27,8.428,1.898
benchmarks/qwen3-0.6b,qwen3,596049920,8,229376,Cpu,f32,off,none,2,128,16,128,144,1.862,1225.9,104.41,0.773,20.705
benchmarks/qwen3-0.6b,qwen3,596049920,8,229376,Cpu,f32,on,none,2,128,16,128,144,1.862,1225.9,104.41,8.502,1.882
benchmarks/qwen3-0.6b,qwen3,596049920,8,229376,Cpu,f32,off,none,3,128,16,128,144,1.862,1218.3,105.07,0.774,20.684
benchmarks/qwen3-0.6b,qwen3,596049920,8,229376,Cpu,f32,on,none,3,128,16,128,144,1.862,1218.3,105.07,8.607,1.859
