model,params,kv_bytes_per_token,device,dtype,kv_cache,kv_quant,prefill_tokens,decode_steps,seq_start,seq_end,load_s,prefill_ms,prefill_tok_s,decode_tok_s,decode_s
benchmarks/gpt2,124439808,73728,Cpu,f32,off,none,16,32,16,48,0.429,58.2,274.91,9.505,3.367
benchmarks/gpt2,124439808,73728,Cpu,f32,on,none,16,32,16,48,0.429,58.2,274.91,41.290,0.775
benchmarks/gpt2,124439808,73728,Cpu,f32,off,none,64,32,64,96,0.429,157.7,405.72,4.634,6.905
benchmarks/gpt2,124439808,73728,Cpu,f32,on,none,64,32,64,96,0.429,157.7,405.72,38.467,0.832
benchmarks/gpt2,124439808,73728,Cpu,f32,off,none,128,32,128,160,0.429,326.2,392.39,2.694,11.879
benchmarks/gpt2,124439808,73728,Cpu,f32,on,none,128,32,128,160,0.429,326.2,392.39,38.024,0.842
benchmarks/gpt2,124439808,73728,Cpu,f32,off,none,256,32,256,288,0.429,656.2,390.13,1.412,22.664
benchmarks/gpt2,124439808,73728,Cpu,f32,on,none,256,32,256,288,0.429,656.2,390.13,29.767,1.075
benchmarks/gpt2,124439808,73728,Cpu,f32,off,none,512,32,512,544,0.429,1493.1,342.92,0.702,45.599
benchmarks/gpt2,124439808,73728,Cpu,f32,on,none,512,32,512,544,0.429,1493.1,342.92,21.190,1.510
benchmarks/gpt2,124439808,19584,Cpu,f32,on,int8,16,32,16,48,0.446,57.4,278.51,41.975,0.762
benchmarks/gpt2,124439808,19584,Cpu,f32,on,int8,64,32,64,96,0.446,177.9,359.69,42.810,0.747
benchmarks/gpt2,124439808,19584,Cpu,f32,on,int8,128,32,128,160,0.446,343.3,372.86,33.372,0.959
benchmarks/gpt2,124439808,19584,Cpu,f32,on,int8,256,32,256,288,0.446,664.9,385.03,26.803,1.194
benchmarks/gpt2,124439808,19584,Cpu,f32,on,int8,512,32,512,544,0.446,1398.5,366.10,16.162,1.980
benchmarks/gpt2,124439808,11520,Cpu,f32,on,int4,16,32,16,48,0.477,75.6,211.67,38.322,0.835
benchmarks/gpt2,124439808,11520,Cpu,f32,on,int4,64,32,64,96,0.477,180.0,355.59,28.282,1.131
benchmarks/gpt2,124439808,11520,Cpu,f32,on,int4,128,32,128,160,0.477,341.2,375.16,21.709,1.474
benchmarks/gpt2,124439808,11520,Cpu,f32,on,int4,256,32,256,288,0.477,671.2,381.38,14.122,2.266
benchmarks/gpt2,124439808,11520,Cpu,f32,on,int4,512,32,512,544,0.477,1379.6,371.11,7.945,4.027
